filing_id,ticker,filed_at,form_type,text_path,source_path
abbv_10q_20180504_000155115218000025,ABBV,2018-05-04,10-Q,abbv_10q_20180504_000155115218000025.txt,/Users/aj5/Main drive/UT Austin MSIS/Deep Learning/Project /sec_filings/raw_downloads/sec-edgar-filings/ABBV/10-Q/0001551152-18-000025/full-submission.txt
abbv_10q_20180807_000155115218000032,ABBV,2018-08-07,10-Q,abbv_10q_20180807_000155115218000032.txt,/Users/aj5/Main drive/UT Austin MSIS/Deep Learning/Project /sec_filings/raw_downloads/sec-edgar-filings/ABBV/10-Q/0001551152-18-000032/full-submission.txt
abbv_10q_20181107_000155115218000042,ABBV,2018-11-07,10-Q,abbv_10q_20181107_000155115218000042.txt,/Users/aj5/Main drive/UT Austin MSIS/Deep Learning/Project /sec_filings/raw_downloads/sec-edgar-filings/ABBV/10-Q/0001551152-18-000042/full-submission.txt
abbv_10k_20190227_000155115219000008,ABBV,2019-02-27,10-K,abbv_10k_20190227_000155115219000008.txt,/Users/aj5/Main drive/UT Austin MSIS/Deep Learning/Project /sec_filings/raw_downloads/sec-edgar-filings/ABBV/10-K/0001551152-19-000008/full-submission.txt
abbv_10q_20190503_000155115219000016,ABBV,2019-05-03,10-Q,abbv_10q_20190503_000155115219000016.txt,/Users/aj5/Main drive/UT Austin MSIS/Deep Learning/Project /sec_filings/raw_downloads/sec-edgar-filings/ABBV/10-Q/0001551152-19-000016/full-submission.txt
abbv_10q_20190805_000155115219000023,ABBV,2019-08-05,10-Q,abbv_10q_20190805_000155115219000023.txt,/Users/aj5/Main drive/UT Austin MSIS/Deep Learning/Project /sec_filings/raw_downloads/sec-edgar-filings/ABBV/10-Q/0001551152-19-000023/full-submission.txt
abbv_10q_20191106_000155115219000030,ABBV,2019-11-06,10-Q,abbv_10q_20191106_000155115219000030.txt,/Users/aj5/Main drive/UT Austin MSIS/Deep Learning/Project /sec_filings/raw_downloads/sec-edgar-filings/ABBV/10-Q/0001551152-19-000030/full-submission.txt
abbv_10k_20200221_000155115220000007,ABBV,2020-02-21,10-K,abbv_10k_20200221_000155115220000007.txt,/Users/aj5/Main drive/UT Austin MSIS/Deep Learning/Project /sec_filings/raw_downloads/sec-edgar-filings/ABBV/10-K/0001551152-20-000007/full-submission.txt
abbv_10q_20200508_000155115220000015,ABBV,2020-05-08,10-Q,abbv_10q_20200508_000155115220000015.txt,/Users/aj5/Main drive/UT Austin MSIS/Deep Learning/Project /sec_filings/raw_downloads/sec-edgar-filings/ABBV/10-Q/0001551152-20-000015/full-submission.txt
abbv_10q_20200804_000155115220000023,ABBV,2020-08-04,10-Q,abbv_10q_20200804_000155115220000023.txt,/Users/aj5/Main drive/UT Austin MSIS/Deep Learning/Project /sec_filings/raw_downloads/sec-edgar-filings/ABBV/10-Q/0001551152-20-000023/full-submission.txt
abbv_10q_20201104_000155115220000032,ABBV,2020-11-04,10-Q,abbv_10q_20201104_000155115220000032.txt,/Users/aj5/Main drive/UT Austin MSIS/Deep Learning/Project /sec_filings/raw_downloads/sec-edgar-filings/ABBV/10-Q/0001551152-20-000032/full-submission.txt
abbv_10k_20210219_000155115221000008,ABBV,2021-02-19,10-K,abbv_10k_20210219_000155115221000008.txt,/Users/aj5/Main drive/UT Austin MSIS/Deep Learning/Project /sec_filings/raw_downloads/sec-edgar-filings/ABBV/10-K/0001551152-21-000008/full-submission.txt
abbv_10q_20210507_000155115221000016,ABBV,2021-05-07,10-Q,abbv_10q_20210507_000155115221000016.txt,/Users/aj5/Main drive/UT Austin MSIS/Deep Learning/Project /sec_filings/raw_downloads/sec-edgar-filings/ABBV/10-Q/0001551152-21-000016/full-submission.txt
abbv_10q_20210802_000155115221000025,ABBV,2021-08-02,10-Q,abbv_10q_20210802_000155115221000025.txt,/Users/aj5/Main drive/UT Austin MSIS/Deep Learning/Project /sec_filings/raw_downloads/sec-edgar-filings/ABBV/10-Q/0001551152-21-000025/full-submission.txt
abbv_10q_20211102_000155115221000031,ABBV,2021-11-02,10-Q,abbv_10q_20211102_000155115221000031.txt,/Users/aj5/Main drive/UT Austin MSIS/Deep Learning/Project /sec_filings/raw_downloads/sec-edgar-filings/ABBV/10-Q/0001551152-21-000031/full-submission.txt
abbv_10k_20220218_000155115222000007,ABBV,2022-02-18,10-K,abbv_10k_20220218_000155115222000007.txt,/Users/aj5/Main drive/UT Austin MSIS/Deep Learning/Project /sec_filings/raw_downloads/sec-edgar-filings/ABBV/10-K/0001551152-22-000007/full-submission.txt
abbv_10q_20220506_000155115222000017,ABBV,2022-05-06,10-Q,abbv_10q_20220506_000155115222000017.txt,/Users/aj5/Main drive/UT Austin MSIS/Deep Learning/Project /sec_filings/raw_downloads/sec-edgar-filings/ABBV/10-Q/0001551152-22-000017/full-submission.txt
abbv_10q_20220804_000155115222000030,ABBV,2022-08-04,10-Q,abbv_10q_20220804_000155115222000030.txt,/Users/aj5/Main drive/UT Austin MSIS/Deep Learning/Project /sec_filings/raw_downloads/sec-edgar-filings/ABBV/10-Q/0001551152-22-000030/full-submission.txt
abbv_10q_20221104_000155115222000045,ABBV,2022-11-04,10-Q,abbv_10q_20221104_000155115222000045.txt,/Users/aj5/Main drive/UT Austin MSIS/Deep Learning/Project /sec_filings/raw_downloads/sec-edgar-filings/ABBV/10-Q/0001551152-22-000045/full-submission.txt
abbv_10k_20230217_000155115223000011,ABBV,2023-02-17,10-K,abbv_10k_20230217_000155115223000011.txt,/Users/aj5/Main drive/UT Austin MSIS/Deep Learning/Project /sec_filings/raw_downloads/sec-edgar-filings/ABBV/10-K/0001551152-23-000011/full-submission.txt
abbv_10q_20230505_000155115223000023,ABBV,2023-05-05,10-Q,abbv_10q_20230505_000155115223000023.txt,/Users/aj5/Main drive/UT Austin MSIS/Deep Learning/Project /sec_filings/raw_downloads/sec-edgar-filings/ABBV/10-Q/0001551152-23-000023/full-submission.txt
abbv_10q_20230807_000155115223000033,ABBV,2023-08-07,10-Q,abbv_10q_20230807_000155115223000033.txt,/Users/aj5/Main drive/UT Austin MSIS/Deep Learning/Project /sec_filings/raw_downloads/sec-edgar-filings/ABBV/10-Q/0001551152-23-000033/full-submission.txt
abbv_10q_20231106_000155115223000045,ABBV,2023-11-06,10-Q,abbv_10q_20231106_000155115223000045.txt,/Users/aj5/Main drive/UT Austin MSIS/Deep Learning/Project /sec_filings/raw_downloads/sec-edgar-filings/ABBV/10-Q/0001551152-23-000045/full-submission.txt
amgn_10q_20180425_000031815418000008,AMGN,2018-04-25,10-Q,amgn_10q_20180425_000031815418000008.txt,/Users/aj5/Main drive/UT Austin MSIS/Deep Learning/Project /sec_filings/raw_downloads/sec-edgar-filings/AMGN/10-Q/0000318154-18-000008/full-submission.txt
amgn_10q_20180727_000031815418000015,AMGN,2018-07-27,10-Q,amgn_10q_20180727_000031815418000015.txt,/Users/aj5/Main drive/UT Austin MSIS/Deep Learning/Project /sec_filings/raw_downloads/sec-edgar-filings/AMGN/10-Q/0000318154-18-000015/full-submission.txt
amgn_10q_20181031_000031815418000022,AMGN,2018-10-31,10-Q,amgn_10q_20181031_000031815418000022.txt,/Users/aj5/Main drive/UT Austin MSIS/Deep Learning/Project /sec_filings/raw_downloads/sec-edgar-filings/AMGN/10-Q/0000318154-18-000022/full-submission.txt
amgn_10k_20190213_000031815419000008,AMGN,2019-02-13,10-K,amgn_10k_20190213_000031815419000008.txt,/Users/aj5/Main drive/UT Austin MSIS/Deep Learning/Project /sec_filings/raw_downloads/sec-edgar-filings/AMGN/10-K/0000318154-19-000008/full-submission.txt
amgn_10q_20190501_000031815419000018,AMGN,2019-05-01,10-Q,amgn_10q_20190501_000031815419000018.txt,/Users/aj5/Main drive/UT Austin MSIS/Deep Learning/Project /sec_filings/raw_downloads/sec-edgar-filings/AMGN/10-Q/0000318154-19-000018/full-submission.txt
amgn_10q_20190731_000031815419000037,AMGN,2019-07-31,10-Q,amgn_10q_20190731_000031815419000037.txt,/Users/aj5/Main drive/UT Austin MSIS/Deep Learning/Project /sec_filings/raw_downloads/sec-edgar-filings/AMGN/10-Q/0000318154-19-000037/full-submission.txt
amgn_10q_20191030_000031815419000046,AMGN,2019-10-30,10-Q,amgn_10q_20191030_000031815419000046.txt,/Users/aj5/Main drive/UT Austin MSIS/Deep Learning/Project /sec_filings/raw_downloads/sec-edgar-filings/AMGN/10-Q/0000318154-19-000046/full-submission.txt
amgn_10k_20200212_000031815420000017,AMGN,2020-02-12,10-K,amgn_10k_20200212_000031815420000017.txt,/Users/aj5/Main drive/UT Austin MSIS/Deep Learning/Project /sec_filings/raw_downloads/sec-edgar-filings/AMGN/10-K/0000318154-20-000017/full-submission.txt
amgn_10q_20200501_000031815420000031,AMGN,2020-05-01,10-Q,amgn_10q_20200501_000031815420000031.txt,/Users/aj5/Main drive/UT Austin MSIS/Deep Learning/Project /sec_filings/raw_downloads/sec-edgar-filings/AMGN/10-Q/0000318154-20-000031/full-submission.txt
amgn_10q_20200729_000031815420000048,AMGN,2020-07-29,10-Q,amgn_10q_20200729_000031815420000048.txt,/Users/aj5/Main drive/UT Austin MSIS/Deep Learning/Project /sec_filings/raw_downloads/sec-edgar-filings/AMGN/10-Q/0000318154-20-000048/full-submission.txt
amgn_10q_20201029_000031815420000060,AMGN,2020-10-29,10-Q,amgn_10q_20201029_000031815420000060.txt,/Users/aj5/Main drive/UT Austin MSIS/Deep Learning/Project /sec_filings/raw_downloads/sec-edgar-filings/AMGN/10-Q/0000318154-20-000060/full-submission.txt
amgn_10k_20210209_000031815421000010,AMGN,2021-02-09,10-K,amgn_10k_20210209_000031815421000010.txt,/Users/aj5/Main drive/UT Austin MSIS/Deep Learning/Project /sec_filings/raw_downloads/sec-edgar-filings/AMGN/10-K/0000318154-21-000010/full-submission.txt
amgn_10q_20210428_000031815421000019,AMGN,2021-04-28,10-Q,amgn_10q_20210428_000031815421000019.txt,/Users/aj5/Main drive/UT Austin MSIS/Deep Learning/Project /sec_filings/raw_downloads/sec-edgar-filings/AMGN/10-Q/0000318154-21-000019/full-submission.txt
amgn_10q_20210804_000031815421000034,AMGN,2021-08-04,10-Q,amgn_10q_20210804_000031815421000034.txt,/Users/aj5/Main drive/UT Austin MSIS/Deep Learning/Project /sec_filings/raw_downloads/sec-edgar-filings/AMGN/10-Q/0000318154-21-000034/full-submission.txt
amgn_10q_20211103_000031815421000045,AMGN,2021-11-03,10-Q,amgn_10q_20211103_000031815421000045.txt,/Users/aj5/Main drive/UT Austin MSIS/Deep Learning/Project /sec_filings/raw_downloads/sec-edgar-filings/AMGN/10-Q/0000318154-21-000045/full-submission.txt
amgn_10k_20220216_000031815422000010,AMGN,2022-02-16,10-K,amgn_10k_20220216_000031815422000010.txt,/Users/aj5/Main drive/UT Austin MSIS/Deep Learning/Project /sec_filings/raw_downloads/sec-edgar-filings/AMGN/10-K/0000318154-22-000010/full-submission.txt
amgn_10q_20220428_000031815422000021,AMGN,2022-04-28,10-Q,amgn_10q_20220428_000031815422000021.txt,/Users/aj5/Main drive/UT Austin MSIS/Deep Learning/Project /sec_filings/raw_downloads/sec-edgar-filings/AMGN/10-Q/0000318154-22-000021/full-submission.txt
amgn_10q_20220805_000031815422000041,AMGN,2022-08-05,10-Q,amgn_10q_20220805_000031815422000041.txt,/Users/aj5/Main drive/UT Austin MSIS/Deep Learning/Project /sec_filings/raw_downloads/sec-edgar-filings/AMGN/10-Q/0000318154-22-000041/full-submission.txt
amgn_10q_20221104_000031815422000055,AMGN,2022-11-04,10-Q,amgn_10q_20221104_000031815422000055.txt,/Users/aj5/Main drive/UT Austin MSIS/Deep Learning/Project /sec_filings/raw_downloads/sec-edgar-filings/AMGN/10-Q/0000318154-22-000055/full-submission.txt
amgn_10k_20230209_000031815423000017,AMGN,2023-02-09,10-K,amgn_10k_20230209_000031815423000017.txt,/Users/aj5/Main drive/UT Austin MSIS/Deep Learning/Project /sec_filings/raw_downloads/sec-edgar-filings/AMGN/10-K/0000318154-23-000017/full-submission.txt
amgn_10q_20230428_000031815423000029,AMGN,2023-04-28,10-Q,amgn_10q_20230428_000031815423000029.txt,/Users/aj5/Main drive/UT Austin MSIS/Deep Learning/Project /sec_filings/raw_downloads/sec-edgar-filings/AMGN/10-Q/0000318154-23-000029/full-submission.txt
amgn_10q_20230804_000031815423000053,AMGN,2023-08-04,10-Q,amgn_10q_20230804_000031815423000053.txt,/Users/aj5/Main drive/UT Austin MSIS/Deep Learning/Project /sec_filings/raw_downloads/sec-edgar-filings/AMGN/10-Q/0000318154-23-000053/full-submission.txt
amgn_10q_20231031_000031815423000064,AMGN,2023-10-31,10-Q,amgn_10q_20231031_000031815423000064.txt,/Users/aj5/Main drive/UT Austin MSIS/Deep Learning/Project /sec_filings/raw_downloads/sec-edgar-filings/AMGN/10-Q/0000318154-23-000064/full-submission.txt
biib_10q_20180424_000087504518000010,BIIB,2018-04-24,10-Q,biib_10q_20180424_000087504518000010.txt,/Users/aj5/Main drive/UT Austin MSIS/Deep Learning/Project /sec_filings/raw_downloads/sec-edgar-filings/BIIB/10-Q/0000875045-18-000010/full-submission.txt
biib_10q_20180724_000087504518000019,BIIB,2018-07-24,10-Q,biib_10q_20180724_000087504518000019.txt,/Users/aj5/Main drive/UT Austin MSIS/Deep Learning/Project /sec_filings/raw_downloads/sec-edgar-filings/BIIB/10-Q/0000875045-18-000019/full-submission.txt
biib_10q_20181023_000087504518000032,BIIB,2018-10-23,10-Q,biib_10q_20181023_000087504518000032.txt,/Users/aj5/Main drive/UT Austin MSIS/Deep Learning/Project /sec_filings/raw_downloads/sec-edgar-filings/BIIB/10-Q/0000875045-18-000032/full-submission.txt
biib_10k_20190206_000087504519000006,BIIB,2019-02-06,10-K,biib_10k_20190206_000087504519000006.txt,/Users/aj5/Main drive/UT Austin MSIS/Deep Learning/Project /sec_filings/raw_downloads/sec-edgar-filings/BIIB/10-K/0000875045-19-000006/full-submission.txt
biib_10q_20190424_000087504519000017,BIIB,2019-04-24,10-Q,biib_10q_20190424_000087504519000017.txt,/Users/aj5/Main drive/UT Austin MSIS/Deep Learning/Project /sec_filings/raw_downloads/sec-edgar-filings/BIIB/10-Q/0000875045-19-000017/full-submission.txt
biib_10q_20190724_000087504519000029,BIIB,2019-07-24,10-Q,biib_10q_20190724_000087504519000029.txt,/Users/aj5/Main drive/UT Austin MSIS/Deep Learning/Project /sec_filings/raw_downloads/sec-edgar-filings/BIIB/10-Q/0000875045-19-000029/full-submission.txt
biib_10q_20191022_000087504519000041,BIIB,2019-10-22,10-Q,biib_10q_20191022_000087504519000041.txt,/Users/aj5/Main drive/UT Austin MSIS/Deep Learning/Project /sec_filings/raw_downloads/sec-edgar-filings/BIIB/10-Q/0000875045-19-000041/full-submission.txt
biib_10k_20200206_000087504520000005,BIIB,2020-02-06,10-K,biib_10k_20200206_000087504520000005.txt,/Users/aj5/Main drive/UT Austin MSIS/Deep Learning/Project /sec_filings/raw_downloads/sec-edgar-filings/BIIB/10-K/0000875045-20-000005/full-submission.txt
biib_10q_20200423_000087504520000011,BIIB,2020-04-23,10-Q,biib_10q_20200423_000087504520000011.txt,/Users/aj5/Main drive/UT Austin MSIS/Deep Learning/Project /sec_filings/raw_downloads/sec-edgar-filings/BIIB/10-Q/0000875045-20-000011/full-submission.txt
biib_10q_20200722_000087504520000022,BIIB,2020-07-22,10-Q,biib_10q_20200722_000087504520000022.txt,/Users/aj5/Main drive/UT Austin MSIS/Deep Learning/Project /sec_filings/raw_downloads/sec-edgar-filings/BIIB/10-Q/0000875045-20-000022/full-submission.txt
biib_10q_20201021_000087504520000036,BIIB,2020-10-21,10-Q,biib_10q_20201021_000087504520000036.txt,/Users/aj5/Main drive/UT Austin MSIS/Deep Learning/Project /sec_filings/raw_downloads/sec-edgar-filings/BIIB/10-Q/0000875045-20-000036/full-submission.txt
biib_10k_20210203_000087504521000010,BIIB,2021-02-03,10-K,biib_10k_20210203_000087504521000010.txt,/Users/aj5/Main drive/UT Austin MSIS/Deep Learning/Project /sec_filings/raw_downloads/sec-edgar-filings/BIIB/10-K/0000875045-21-000010/full-submission.txt
biib_10q_20210422_000087504521000028,BIIB,2021-04-22,10-Q,biib_10q_20210422_000087504521000028.txt,/Users/aj5/Main drive/UT Austin MSIS/Deep Learning/Project /sec_filings/raw_downloads/sec-edgar-filings/BIIB/10-Q/0000875045-21-000028/full-submission.txt
biib_10q_20210722_000087504521000044,BIIB,2021-07-22,10-Q,biib_10q_20210722_000087504521000044.txt,/Users/aj5/Main drive/UT Austin MSIS/Deep Learning/Project /sec_filings/raw_downloads/sec-edgar-filings/BIIB/10-Q/0000875045-21-000044/full-submission.txt
biib_10q_20211020_000087504521000052,BIIB,2021-10-20,10-Q,biib_10q_20211020_000087504521000052.txt,/Users/aj5/Main drive/UT Austin MSIS/Deep Learning/Project /sec_filings/raw_downloads/sec-edgar-filings/BIIB/10-Q/0000875045-21-000052/full-submission.txt
biib_10k_20220203_000087504522000007,BIIB,2022-02-03,10-K,biib_10k_20220203_000087504522000007.txt,/Users/aj5/Main drive/UT Austin MSIS/Deep Learning/Project /sec_filings/raw_downloads/sec-edgar-filings/BIIB/10-K/0000875045-22-000007/full-submission.txt
biib_10q_20220503_000087504522000016,BIIB,2022-05-03,10-Q,biib_10q_20220503_000087504522000016.txt,/Users/aj5/Main drive/UT Austin MSIS/Deep Learning/Project /sec_filings/raw_downloads/sec-edgar-filings/BIIB/10-Q/0000875045-22-000016/full-submission.txt
biib_10q_20220720_000087504522000025,BIIB,2022-07-20,10-Q,biib_10q_20220720_000087504522000025.txt,/Users/aj5/Main drive/UT Austin MSIS/Deep Learning/Project /sec_filings/raw_downloads/sec-edgar-filings/BIIB/10-Q/0000875045-22-000025/full-submission.txt
biib_10q_20221025_000087504522000031,BIIB,2022-10-25,10-Q,biib_10q_20221025_000087504522000031.txt,/Users/aj5/Main drive/UT Austin MSIS/Deep Learning/Project /sec_filings/raw_downloads/sec-edgar-filings/BIIB/10-Q/0000875045-22-000031/full-submission.txt
biib_10k_20230215_000087504523000009,BIIB,2023-02-15,10-K,biib_10k_20230215_000087504523000009.txt,/Users/aj5/Main drive/UT Austin MSIS/Deep Learning/Project /sec_filings/raw_downloads/sec-edgar-filings/BIIB/10-K/0000875045-23-000009/full-submission.txt
biib_10q_20230425_000087504523000016,BIIB,2023-04-25,10-Q,biib_10q_20230425_000087504523000016.txt,/Users/aj5/Main drive/UT Austin MSIS/Deep Learning/Project /sec_filings/raw_downloads/sec-edgar-filings/BIIB/10-Q/0000875045-23-000016/full-submission.txt
biib_10q_20230725_000087504523000030,BIIB,2023-07-25,10-Q,biib_10q_20230725_000087504523000030.txt,/Users/aj5/Main drive/UT Austin MSIS/Deep Learning/Project /sec_filings/raw_downloads/sec-edgar-filings/BIIB/10-Q/0000875045-23-000030/full-submission.txt
biib_10q_20231108_000087504523000038,BIIB,2023-11-08,10-Q,biib_10q_20231108_000087504523000038.txt,/Users/aj5/Main drive/UT Austin MSIS/Deep Learning/Project /sec_filings/raw_downloads/sec-edgar-filings/BIIB/10-Q/0000875045-23-000038/full-submission.txt
bmy_10q_20180426_000001427218000117,BMY,2018-04-26,10-Q,bmy_10q_20180426_000001427218000117.txt,/Users/aj5/Main drive/UT Austin MSIS/Deep Learning/Project /sec_filings/raw_downloads/sec-edgar-filings/BMY/10-Q/0000014272-18-000117/full-submission.txt
bmy_10q_20180726_000001427218000160,BMY,2018-07-26,10-Q,bmy_10q_20180726_000001427218000160.txt,/Users/aj5/Main drive/UT Austin MSIS/Deep Learning/Project /sec_filings/raw_downloads/sec-edgar-filings/BMY/10-Q/0000014272-18-000160/full-submission.txt
bmy_10q_20181025_000001427218000197,BMY,2018-10-25,10-Q,bmy_10q_20181025_000001427218000197.txt,/Users/aj5/Main drive/UT Austin MSIS/Deep Learning/Project /sec_filings/raw_downloads/sec-edgar-filings/BMY/10-Q/0000014272-18-000197/full-submission.txt
bmy_10k_20190225_000001427219000047,BMY,2019-02-25,10-K,bmy_10k_20190225_000001427219000047.txt,/Users/aj5/Main drive/UT Austin MSIS/Deep Learning/Project /sec_filings/raw_downloads/sec-edgar-filings/BMY/10-K/0000014272-19-000047/full-submission.txt
bmy_10q_20190425_000001427219000107,BMY,2019-04-25,10-Q,bmy_10q_20190425_000001427219000107.txt,/Users/aj5/Main drive/UT Austin MSIS/Deep Learning/Project /sec_filings/raw_downloads/sec-edgar-filings/BMY/10-Q/0000014272-19-000107/full-submission.txt
bmy_10q_20190725_000001427219000160,BMY,2019-07-25,10-Q,bmy_10q_20190725_000001427219000160.txt,/Users/aj5/Main drive/UT Austin MSIS/Deep Learning/Project /sec_filings/raw_downloads/sec-edgar-filings/BMY/10-Q/0000014272-19-000160/full-submission.txt
bmy_10q_20191031_000001427219000194,BMY,2019-10-31,10-Q,bmy_10q_20191031_000001427219000194.txt,/Users/aj5/Main drive/UT Austin MSIS/Deep Learning/Project /sec_filings/raw_downloads/sec-edgar-filings/BMY/10-Q/0000014272-19-000194/full-submission.txt
bmy_10k_20200224_000001427220000082,BMY,2020-02-24,10-K,bmy_10k_20200224_000001427220000082.txt,/Users/aj5/Main drive/UT Austin MSIS/Deep Learning/Project /sec_filings/raw_downloads/sec-edgar-filings/BMY/10-K/0000014272-20-000082/full-submission.txt
bmy_10q_20200507_000001427220000168,BMY,2020-05-07,10-Q,bmy_10q_20200507_000001427220000168.txt,/Users/aj5/Main drive/UT Austin MSIS/Deep Learning/Project /sec_filings/raw_downloads/sec-edgar-filings/BMY/10-Q/0000014272-20-000168/full-submission.txt
bmy_10q_20200806_000001427220000229,BMY,2020-08-06,10-Q,bmy_10q_20200806_000001427220000229.txt,/Users/aj5/Main drive/UT Austin MSIS/Deep Learning/Project /sec_filings/raw_downloads/sec-edgar-filings/BMY/10-Q/0000014272-20-000229/full-submission.txt
bmy_10q_20201105_000001427220000279,BMY,2020-11-05,10-Q,bmy_10q_20201105_000001427220000279.txt,/Users/aj5/Main drive/UT Austin MSIS/Deep Learning/Project /sec_filings/raw_downloads/sec-edgar-filings/BMY/10-Q/0000014272-20-000279/full-submission.txt
bmy_10k_20210210_000001427221000066,BMY,2021-02-10,10-K,bmy_10k_20210210_000001427221000066.txt,/Users/aj5/Main drive/UT Austin MSIS/Deep Learning/Project /sec_filings/raw_downloads/sec-edgar-filings/BMY/10-K/0000014272-21-000066/full-submission.txt
bmy_10q_20210429_000001427221000126,BMY,2021-04-29,10-Q,bmy_10q_20210429_000001427221000126.txt,/Users/aj5/Main drive/UT Austin MSIS/Deep Learning/Project /sec_filings/raw_downloads/sec-edgar-filings/BMY/10-Q/0000014272-21-000126/full-submission.txt
bmy_10q_20210728_000001427221000186,BMY,2021-07-28,10-Q,bmy_10q_20210728_000001427221000186.txt,/Users/aj5/Main drive/UT Austin MSIS/Deep Learning/Project /sec_filings/raw_downloads/sec-edgar-filings/BMY/10-Q/0000014272-21-000186/full-submission.txt
bmy_10q_20211027_000001427221000224,BMY,2021-10-27,10-Q,bmy_10q_20211027_000001427221000224.txt,/Users/aj5/Main drive/UT Austin MSIS/Deep Learning/Project /sec_filings/raw_downloads/sec-edgar-filings/BMY/10-Q/0000014272-21-000224/full-submission.txt
bmy_10k_20220209_000001427222000051,BMY,2022-02-09,10-K,bmy_10k_20220209_000001427222000051.txt,/Users/aj5/Main drive/UT Austin MSIS/Deep Learning/Project /sec_filings/raw_downloads/sec-edgar-filings/BMY/10-K/0000014272-22-000051/full-submission.txt
bmy_10q_20220429_000001427222000114,BMY,2022-04-29,10-Q,bmy_10q_20220429_000001427222000114.txt,/Users/aj5/Main drive/UT Austin MSIS/Deep Learning/Project /sec_filings/raw_downloads/sec-edgar-filings/BMY/10-Q/0000014272-22-000114/full-submission.txt
bmy_10q_20220727_000001427222000166,BMY,2022-07-27,10-Q,bmy_10q_20220727_000001427222000166.txt,/Users/aj5/Main drive/UT Austin MSIS/Deep Learning/Project /sec_filings/raw_downloads/sec-edgar-filings/BMY/10-Q/0000014272-22-000166/full-submission.txt
bmy_10q_20221026_000001427222000196,BMY,2022-10-26,10-Q,bmy_10q_20221026_000001427222000196.txt,/Users/aj5/Main drive/UT Austin MSIS/Deep Learning/Project /sec_filings/raw_downloads/sec-edgar-filings/BMY/10-Q/0000014272-22-000196/full-submission.txt
bmy_10k_20230214_000001427223000046,BMY,2023-02-14,10-K,bmy_10k_20230214_000001427223000046.txt,/Users/aj5/Main drive/UT Austin MSIS/Deep Learning/Project /sec_filings/raw_downloads/sec-edgar-filings/BMY/10-K/0000014272-23-000046/full-submission.txt
bmy_10q_20230427_000001427223000104,BMY,2023-04-27,10-Q,bmy_10q_20230427_000001427223000104.txt,/Users/aj5/Main drive/UT Austin MSIS/Deep Learning/Project /sec_filings/raw_downloads/sec-edgar-filings/BMY/10-Q/0000014272-23-000104/full-submission.txt
bmy_10q_20230727_000001427223000152,BMY,2023-07-27,10-Q,bmy_10q_20230727_000001427223000152.txt,/Users/aj5/Main drive/UT Austin MSIS/Deep Learning/Project /sec_filings/raw_downloads/sec-edgar-filings/BMY/10-Q/0000014272-23-000152/full-submission.txt
bmy_10q_20231026_000001427223000181,BMY,2023-10-26,10-Q,bmy_10q_20231026_000001427223000181.txt,/Users/aj5/Main drive/UT Austin MSIS/Deep Learning/Project /sec_filings/raw_downloads/sec-edgar-filings/BMY/10-Q/0000014272-23-000181/full-submission.txt
gild_10k_20180227_000088209518000008,GILD,2018-02-27,10-K,gild_10k_20180227_000088209518000008.txt,/Users/aj5/Main drive/UT Austin MSIS/Deep Learning/Project /sec_filings/raw_downloads/sec-edgar-filings/GILD/10-K/0000882095-18-000008/full-submission.txt
gild_10q_20180509_000088209518000015,GILD,2018-05-09,10-Q,gild_10q_20180509_000088209518000015.txt,/Users/aj5/Main drive/UT Austin MSIS/Deep Learning/Project /sec_filings/raw_downloads/sec-edgar-filings/GILD/10-Q/0000882095-18-000015/full-submission.txt
gild_10q_20180806_000088209518000022,GILD,2018-08-06,10-Q,gild_10q_20180806_000088209518000022.txt,/Users/aj5/Main drive/UT Austin MSIS/Deep Learning/Project /sec_filings/raw_downloads/sec-edgar-filings/GILD/10-Q/0000882095-18-000022/full-submission.txt
gild_10q_20181106_000088209518000029,GILD,2018-11-06,10-Q,gild_10q_20181106_000088209518000029.txt,/Users/aj5/Main drive/UT Austin MSIS/Deep Learning/Project /sec_filings/raw_downloads/sec-edgar-filings/GILD/10-Q/0000882095-18-000029/full-submission.txt
gild_10k_20190226_000088209519000006,GILD,2019-02-26,10-K,gild_10k_20190226_000088209519000006.txt,/Users/aj5/Main drive/UT Austin MSIS/Deep Learning/Project /sec_filings/raw_downloads/sec-edgar-filings/GILD/10-K/0000882095-19-000006/full-submission.txt
gild_10q_20190508_000088209519000014,GILD,2019-05-08,10-Q,gild_10q_20190508_000088209519000014.txt,/Users/aj5/Main drive/UT Austin MSIS/Deep Learning/Project /sec_filings/raw_downloads/sec-edgar-filings/GILD/10-Q/0000882095-19-000014/full-submission.txt
gild_10q_20190806_000088209519000020,GILD,2019-08-06,10-Q,gild_10q_20190806_000088209519000020.txt,/Users/aj5/Main drive/UT Austin MSIS/Deep Learning/Project /sec_filings/raw_downloads/sec-edgar-filings/GILD/10-Q/0000882095-19-000020/full-submission.txt
gild_10q_20191105_000088209519000027,GILD,2019-11-05,10-Q,gild_10q_20191105_000088209519000027.txt,/Users/aj5/Main drive/UT Austin MSIS/Deep Learning/Project /sec_filings/raw_downloads/sec-edgar-filings/GILD/10-Q/0000882095-19-000027/full-submission.txt
gild_10k_20200225_000088209520000006,GILD,2020-02-25,10-K,gild_10k_20200225_000088209520000006.txt,/Users/aj5/Main drive/UT Austin MSIS/Deep Learning/Project /sec_filings/raw_downloads/sec-edgar-filings/GILD/10-K/0000882095-20-000006/full-submission.txt
gild_10q_20200506_000088209520000013,GILD,2020-05-06,10-Q,gild_10q_20200506_000088209520000013.txt,/Users/aj5/Main drive/UT Austin MSIS/Deep Learning/Project /sec_filings/raw_downloads/sec-edgar-filings/GILD/10-Q/0000882095-20-000013/full-submission.txt
gild_10q_20200806_000088209520000019,GILD,2020-08-06,10-Q,gild_10q_20200806_000088209520000019.txt,/Users/aj5/Main drive/UT Austin MSIS/Deep Learning/Project /sec_filings/raw_downloads/sec-edgar-filings/GILD/10-Q/0000882095-20-000019/full-submission.txt
gild_10q_20201104_000088209520000027,GILD,2020-11-04,10-Q,gild_10q_20201104_000088209520000027.txt,/Users/aj5/Main drive/UT Austin MSIS/Deep Learning/Project /sec_filings/raw_downloads/sec-edgar-filings/GILD/10-Q/0000882095-20-000027/full-submission.txt
gild_10k_20210225_000088209521000008,GILD,2021-02-25,10-K,gild_10k_20210225_000088209521000008.txt,/Users/aj5/Main drive/UT Austin MSIS/Deep Learning/Project /sec_filings/raw_downloads/sec-edgar-filings/GILD/10-K/0000882095-21-000008/full-submission.txt
gild_10q_20210506_000088209521000013,GILD,2021-05-06,10-Q,gild_10q_20210506_000088209521000013.txt,/Users/aj5/Main drive/UT Austin MSIS/Deep Learning/Project /sec_filings/raw_downloads/sec-edgar-filings/GILD/10-Q/0000882095-21-000013/full-submission.txt
gild_10q_20210805_000088209521000021,GILD,2021-08-05,10-Q,gild_10q_20210805_000088209521000021.txt,/Users/aj5/Main drive/UT Austin MSIS/Deep Learning/Project /sec_filings/raw_downloads/sec-edgar-filings/GILD/10-Q/0000882095-21-000021/full-submission.txt
gild_10q_20211103_000088209521000029,GILD,2021-11-03,10-Q,gild_10q_20211103_000088209521000029.txt,/Users/aj5/Main drive/UT Austin MSIS/Deep Learning/Project /sec_filings/raw_downloads/sec-edgar-filings/GILD/10-Q/0000882095-21-000029/full-submission.txt
gild_10k_20220223_000088209522000007,GILD,2022-02-23,10-K,gild_10k_20220223_000088209522000007.txt,/Users/aj5/Main drive/UT Austin MSIS/Deep Learning/Project /sec_filings/raw_downloads/sec-edgar-filings/GILD/10-K/0000882095-22-000007/full-submission.txt
gild_10q_20220504_000088209522000013,GILD,2022-05-04,10-Q,gild_10q_20220504_000088209522000013.txt,/Users/aj5/Main drive/UT Austin MSIS/Deep Learning/Project /sec_filings/raw_downloads/sec-edgar-filings/GILD/10-Q/0000882095-22-000013/full-submission.txt
gild_10q_20220808_000088209522000019,GILD,2022-08-08,10-Q,gild_10q_20220808_000088209522000019.txt,/Users/aj5/Main drive/UT Austin MSIS/Deep Learning/Project /sec_filings/raw_downloads/sec-edgar-filings/GILD/10-Q/0000882095-22-000019/full-submission.txt
gild_10q_20221102_000088209522000027,GILD,2022-11-02,10-Q,gild_10q_20221102_000088209522000027.txt,/Users/aj5/Main drive/UT Austin MSIS/Deep Learning/Project /sec_filings/raw_downloads/sec-edgar-filings/GILD/10-Q/0000882095-22-000027/full-submission.txt
gild_10k_20230222_000088209523000007,GILD,2023-02-22,10-K,gild_10k_20230222_000088209523000007.txt,/Users/aj5/Main drive/UT Austin MSIS/Deep Learning/Project /sec_filings/raw_downloads/sec-edgar-filings/GILD/10-K/0000882095-23-000007/full-submission.txt
gild_10q_20230503_000088209523000017,GILD,2023-05-03,10-Q,gild_10q_20230503_000088209523000017.txt,/Users/aj5/Main drive/UT Austin MSIS/Deep Learning/Project /sec_filings/raw_downloads/sec-edgar-filings/GILD/10-Q/0000882095-23-000017/full-submission.txt
gild_10q_20230804_000088209523000025,GILD,2023-08-04,10-Q,gild_10q_20230804_000088209523000025.txt,/Users/aj5/Main drive/UT Austin MSIS/Deep Learning/Project /sec_filings/raw_downloads/sec-edgar-filings/GILD/10-Q/0000882095-23-000025/full-submission.txt
gild_10q_20231107_000088209523000031,GILD,2023-11-07,10-Q,gild_10q_20231107_000088209523000031.txt,/Users/aj5/Main drive/UT Austin MSIS/Deep Learning/Project /sec_filings/raw_downloads/sec-edgar-filings/GILD/10-Q/0000882095-23-000031/full-submission.txt
jnj_10k_20180221_000020040618000005,JNJ,2018-02-21,10-K,jnj_10k_20180221_000020040618000005.txt,/Users/aj5/Main drive/UT Austin MSIS/Deep Learning/Project /sec_filings/raw_downloads/sec-edgar-filings/JNJ/10-K/0000200406-18-000005/full-submission.txt
jnj_10q_20180501_000020040618000019,JNJ,2018-05-01,10-Q,jnj_10q_20180501_000020040618000019.txt,/Users/aj5/Main drive/UT Austin MSIS/Deep Learning/Project /sec_filings/raw_downloads/sec-edgar-filings/JNJ/10-Q/0000200406-18-000019/full-submission.txt
jnj_10q_20180802_000020040618000041,JNJ,2018-08-02,10-Q,jnj_10q_20180802_000020040618000041.txt,/Users/aj5/Main drive/UT Austin MSIS/Deep Learning/Project /sec_filings/raw_downloads/sec-edgar-filings/JNJ/10-Q/0000200406-18-000041/full-submission.txt
jnj_10q_20181031_000020040618000055,JNJ,2018-10-31,10-Q,jnj_10q_20181031_000020040618000055.txt,/Users/aj5/Main drive/UT Austin MSIS/Deep Learning/Project /sec_filings/raw_downloads/sec-edgar-filings/JNJ/10-Q/0000200406-18-000055/full-submission.txt
jnj_10k_20190220_000020040619000009,JNJ,2019-02-20,10-K,jnj_10k_20190220_000020040619000009.txt,/Users/aj5/Main drive/UT Austin MSIS/Deep Learning/Project /sec_filings/raw_downloads/sec-edgar-filings/JNJ/10-K/0000200406-19-000009/full-submission.txt
jnj_10q_20190501_000020040619000033,JNJ,2019-05-01,10-Q,jnj_10q_20190501_000020040619000033.txt,/Users/aj5/Main drive/UT Austin MSIS/Deep Learning/Project /sec_filings/raw_downloads/sec-edgar-filings/JNJ/10-Q/0000200406-19-000033/full-submission.txt
jnj_10q_20190729_000020040619000053,JNJ,2019-07-29,10-Q,jnj_10q_20190729_000020040619000053.txt,/Users/aj5/Main drive/UT Austin MSIS/Deep Learning/Project /sec_filings/raw_downloads/sec-edgar-filings/JNJ/10-Q/0000200406-19-000053/full-submission.txt
jnj_10q_20191028_000020040619000066,JNJ,2019-10-28,10-Q,jnj_10q_20191028_000020040619000066.txt,/Users/aj5/Main drive/UT Austin MSIS/Deep Learning/Project /sec_filings/raw_downloads/sec-edgar-filings/JNJ/10-Q/0000200406-19-000066/full-submission.txt
jnj_10k_20200218_000020040620000010,JNJ,2020-02-18,10-K,jnj_10k_20200218_000020040620000010.txt,/Users/aj5/Main drive/UT Austin MSIS/Deep Learning/Project /sec_filings/raw_downloads/sec-edgar-filings/JNJ/10-K/0000200406-20-000010/full-submission.txt
jnj_10q_20200429_000020040620000035,JNJ,2020-04-29,10-Q,jnj_10q_20200429_000020040620000035.txt,/Users/aj5/Main drive/UT Austin MSIS/Deep Learning/Project /sec_filings/raw_downloads/sec-edgar-filings/JNJ/10-Q/0000200406-20-000035/full-submission.txt
jnj_10q_20200724_000020040620000050,JNJ,2020-07-24,10-Q,jnj_10q_20200724_000020040620000050.txt,/Users/aj5/Main drive/UT Austin MSIS/Deep Learning/Project /sec_filings/raw_downloads/sec-edgar-filings/JNJ/10-Q/0000200406-20-000050/full-submission.txt
jnj_10q_20201023_000020040620000056,JNJ,2020-10-23,10-Q,jnj_10q_20201023_000020040620000056.txt,/Users/aj5/Main drive/UT Austin MSIS/Deep Learning/Project /sec_filings/raw_downloads/sec-edgar-filings/JNJ/10-Q/0000200406-20-000056/full-submission.txt
jnj_10k_20210222_000020040621000008,JNJ,2021-02-22,10-K,jnj_10k_20210222_000020040621000008.txt,/Users/aj5/Main drive/UT Austin MSIS/Deep Learning/Project /sec_filings/raw_downloads/sec-edgar-filings/JNJ/10-K/0000200406-21-000008/full-submission.txt
jnj_10q_20210430_000020040621000036,JNJ,2021-04-30,10-Q,jnj_10q_20210430_000020040621000036.txt,/Users/aj5/Main drive/UT Austin MSIS/Deep Learning/Project /sec_filings/raw_downloads/sec-edgar-filings/JNJ/10-Q/0000200406-21-000036/full-submission.txt
jnj_10q_20210729_000020040621000057,JNJ,2021-07-29,10-Q,jnj_10q_20210729_000020040621000057.txt,/Users/aj5/Main drive/UT Austin MSIS/Deep Learning/Project /sec_filings/raw_downloads/sec-edgar-filings/JNJ/10-Q/0000200406-21-000057/full-submission.txt
jnj_10q_20211029_000020040621000070,JNJ,2021-10-29,10-Q,jnj_10q_20211029_000020040621000070.txt,/Users/aj5/Main drive/UT Austin MSIS/Deep Learning/Project /sec_filings/raw_downloads/sec-edgar-filings/JNJ/10-Q/0000200406-21-000070/full-submission.txt
jnj_10k_20220217_000020040622000022,JNJ,2022-02-17,10-K,jnj_10k_20220217_000020040622000022.txt,/Users/aj5/Main drive/UT Austin MSIS/Deep Learning/Project /sec_filings/raw_downloads/sec-edgar-filings/JNJ/10-K/0000200406-22-000022/full-submission.txt
jnj_10q_20220429_000020040622000048,JNJ,2022-04-29,10-Q,jnj_10q_20220429_000020040622000048.txt,/Users/aj5/Main drive/UT Austin MSIS/Deep Learning/Project /sec_filings/raw_downloads/sec-edgar-filings/JNJ/10-Q/0000200406-22-000048/full-submission.txt
jnj_10q_20220729_000020040622000071,JNJ,2022-07-29,10-Q,jnj_10q_20220729_000020040622000071.txt,/Users/aj5/Main drive/UT Austin MSIS/Deep Learning/Project /sec_filings/raw_downloads/sec-edgar-filings/JNJ/10-Q/0000200406-22-000071/full-submission.txt
jnj_10q_20221027_000020040622000086,JNJ,2022-10-27,10-Q,jnj_10q_20221027_000020040622000086.txt,/Users/aj5/Main drive/UT Austin MSIS/Deep Learning/Project /sec_filings/raw_downloads/sec-edgar-filings/JNJ/10-Q/0000200406-22-000086/full-submission.txt
jnj_10k_20230216_000020040623000016,JNJ,2023-02-16,10-K,jnj_10k_20230216_000020040623000016.txt,/Users/aj5/Main drive/UT Austin MSIS/Deep Learning/Project /sec_filings/raw_downloads/sec-edgar-filings/JNJ/10-K/0000200406-23-000016/full-submission.txt
jnj_10q_20230428_000020040623000056,JNJ,2023-04-28,10-Q,jnj_10q_20230428_000020040623000056.txt,/Users/aj5/Main drive/UT Austin MSIS/Deep Learning/Project /sec_filings/raw_downloads/sec-edgar-filings/JNJ/10-Q/0000200406-23-000056/full-submission.txt
jnj_10q_20230731_000020040623000082,JNJ,2023-07-31,10-Q,jnj_10q_20230731_000020040623000082.txt,/Users/aj5/Main drive/UT Austin MSIS/Deep Learning/Project /sec_filings/raw_downloads/sec-edgar-filings/JNJ/10-Q/0000200406-23-000082/full-submission.txt
jnj_10q_20231027_000020040623000102,JNJ,2023-10-27,10-Q,jnj_10q_20231027_000020040623000102.txt,/Users/aj5/Main drive/UT Austin MSIS/Deep Learning/Project /sec_filings/raw_downloads/sec-edgar-filings/JNJ/10-Q/0000200406-23-000102/full-submission.txt
mrk_10k_20180227_000031015818000005,MRK,2018-02-27,10-K,mrk_10k_20180227_000031015818000005.txt,/Users/aj5/Main drive/UT Austin MSIS/Deep Learning/Project /sec_filings/raw_downloads/sec-edgar-filings/MRK/10-K/0000310158-18-000005/full-submission.txt
mrk_10q_20180508_000031015818000011,MRK,2018-05-08,10-Q,mrk_10q_20180508_000031015818000011.txt,/Users/aj5/Main drive/UT Austin MSIS/Deep Learning/Project /sec_filings/raw_downloads/sec-edgar-filings/MRK/10-Q/0000310158-18-000011/full-submission.txt
mrk_10q_20180807_000031015818000034,MRK,2018-08-07,10-Q,mrk_10q_20180807_000031015818000034.txt,/Users/aj5/Main drive/UT Austin MSIS/Deep Learning/Project /sec_filings/raw_downloads/sec-edgar-filings/MRK/10-Q/0000310158-18-000034/full-submission.txt
mrk_10q_20181106_000031015818000039,MRK,2018-11-06,10-Q,mrk_10q_20181106_000031015818000039.txt,/Users/aj5/Main drive/UT Austin MSIS/Deep Learning/Project /sec_filings/raw_downloads/sec-edgar-filings/MRK/10-Q/0000310158-18-000039/full-submission.txt
mrk_10k_20190227_000031015819000014,MRK,2019-02-27,10-K,mrk_10k_20190227_000031015819000014.txt,/Users/aj5/Main drive/UT Austin MSIS/Deep Learning/Project /sec_filings/raw_downloads/sec-edgar-filings/MRK/10-K/0000310158-19-000014/full-submission.txt
mrk_10q_20190508_000031015819000019,MRK,2019-05-08,10-Q,mrk_10q_20190508_000031015819000019.txt,/Users/aj5/Main drive/UT Austin MSIS/Deep Learning/Project /sec_filings/raw_downloads/sec-edgar-filings/MRK/10-Q/0000310158-19-000019/full-submission.txt
mrk_10q_20190806_000031015819000037,MRK,2019-08-06,10-Q,mrk_10q_20190806_000031015819000037.txt,/Users/aj5/Main drive/UT Austin MSIS/Deep Learning/Project /sec_filings/raw_downloads/sec-edgar-filings/MRK/10-Q/0000310158-19-000037/full-submission.txt
mrk_10q_20191105_000031015819000042,MRK,2019-11-05,10-Q,mrk_10q_20191105_000031015819000042.txt,/Users/aj5/Main drive/UT Austin MSIS/Deep Learning/Project /sec_filings/raw_downloads/sec-edgar-filings/MRK/10-Q/0000310158-19-000042/full-submission.txt
mrk_10k_20200226_000031015820000005,MRK,2020-02-26,10-K,mrk_10k_20200226_000031015820000005.txt,/Users/aj5/Main drive/UT Austin MSIS/Deep Learning/Project /sec_filings/raw_downloads/sec-edgar-filings/MRK/10-K/0000310158-20-000005/full-submission.txt
mrk_10q_20200506_000031015820000009,MRK,2020-05-06,10-Q,mrk_10q_20200506_000031015820000009.txt,/Users/aj5/Main drive/UT Austin MSIS/Deep Learning/Project /sec_filings/raw_downloads/sec-edgar-filings/MRK/10-Q/0000310158-20-000009/full-submission.txt
mrk_10q_20200805_000031015820000026,MRK,2020-08-05,10-Q,mrk_10q_20200805_000031015820000026.txt,/Users/aj5/Main drive/UT Austin MSIS/Deep Learning/Project /sec_filings/raw_downloads/sec-edgar-filings/MRK/10-Q/0000310158-20-000026/full-submission.txt
mrk_10q_20201105_000031015820000030,MRK,2020-11-05,10-Q,mrk_10q_20201105_000031015820000030.txt,/Users/aj5/Main drive/UT Austin MSIS/Deep Learning/Project /sec_filings/raw_downloads/sec-edgar-filings/MRK/10-Q/0000310158-20-000030/full-submission.txt
mrk_10k_20210225_000031015821000004,MRK,2021-02-25,10-K,mrk_10k_20210225_000031015821000004.txt,/Users/aj5/Main drive/UT Austin MSIS/Deep Learning/Project /sec_filings/raw_downloads/sec-edgar-filings/MRK/10-K/0000310158-21-000004/full-submission.txt
mrk_10q_20210505_000031015821000009,MRK,2021-05-05,10-Q,mrk_10q_20210505_000031015821000009.txt,/Users/aj5/Main drive/UT Austin MSIS/Deep Learning/Project /sec_filings/raw_downloads/sec-edgar-filings/MRK/10-Q/0000310158-21-000009/full-submission.txt
mrk_10q_20210809_000031015821000028,MRK,2021-08-09,10-Q,mrk_10q_20210809_000031015821000028.txt,/Users/aj5/Main drive/UT Austin MSIS/Deep Learning/Project /sec_filings/raw_downloads/sec-edgar-filings/MRK/10-Q/0000310158-21-000028/full-submission.txt
mrk_10q_20211105_000031015821000032,MRK,2021-11-05,10-Q,mrk_10q_20211105_000031015821000032.txt,/Users/aj5/Main drive/UT Austin MSIS/Deep Learning/Project /sec_filings/raw_downloads/sec-edgar-filings/MRK/10-Q/0000310158-21-000032/full-submission.txt
mrk_10k_20220225_000031015822000003,MRK,2022-02-25,10-K,mrk_10k_20220225_000031015822000003.txt,/Users/aj5/Main drive/UT Austin MSIS/Deep Learning/Project /sec_filings/raw_downloads/sec-edgar-filings/MRK/10-K/0000310158-22-000003/full-submission.txt
mrk_10q_20220505_000031015822000011,MRK,2022-05-05,10-Q,mrk_10q_20220505_000031015822000011.txt,/Users/aj5/Main drive/UT Austin MSIS/Deep Learning/Project /sec_filings/raw_downloads/sec-edgar-filings/MRK/10-Q/0000310158-22-000011/full-submission.txt
mrk_10q_20220805_000031015822000030,MRK,2022-08-05,10-Q,mrk_10q_20220805_000031015822000030.txt,/Users/aj5/Main drive/UT Austin MSIS/Deep Learning/Project /sec_filings/raw_downloads/sec-edgar-filings/MRK/10-Q/0000310158-22-000030/full-submission.txt
mrk_10q_20221103_000031015822000034,MRK,2022-11-03,10-Q,mrk_10q_20221103_000031015822000034.txt,/Users/aj5/Main drive/UT Austin MSIS/Deep Learning/Project /sec_filings/raw_downloads/sec-edgar-filings/MRK/10-Q/0000310158-22-000034/full-submission.txt
mrk_10k_20230224_000162828023005061,MRK,2023-02-24,10-K,mrk_10k_20230224_000162828023005061.txt,/Users/aj5/Main drive/UT Austin MSIS/Deep Learning/Project /sec_filings/raw_downloads/sec-edgar-filings/MRK/10-K/0001628280-23-005061/full-submission.txt
mrk_10q_20230505_000162828023015990,MRK,2023-05-05,10-Q,mrk_10q_20230505_000162828023015990.txt,/Users/aj5/Main drive/UT Austin MSIS/Deep Learning/Project /sec_filings/raw_downloads/sec-edgar-filings/MRK/10-Q/0001628280-23-015990/full-submission.txt
mrk_10q_20230807_000162828023027770,MRK,2023-08-07,10-Q,mrk_10q_20230807_000162828023027770.txt,/Users/aj5/Main drive/UT Austin MSIS/Deep Learning/Project /sec_filings/raw_downloads/sec-edgar-filings/MRK/10-Q/0001628280-23-027770/full-submission.txt
mrk_10q_20231103_000162828023036717,MRK,2023-11-03,10-Q,mrk_10q_20231103_000162828023036717.txt,/Users/aj5/Main drive/UT Austin MSIS/Deep Learning/Project /sec_filings/raw_downloads/sec-edgar-filings/MRK/10-Q/0001628280-23-036717/full-submission.txt
pfe_10k_20180222_000007800318000027,PFE,2018-02-22,10-K,pfe_10k_20180222_000007800318000027.txt,/Users/aj5/Main drive/UT Austin MSIS/Deep Learning/Project /sec_filings/raw_downloads/sec-edgar-filings/PFE/10-K/0000078003-18-000027/full-submission.txt
pfe_10q_20180510_000007800318000045,PFE,2018-05-10,10-Q,pfe_10q_20180510_000007800318000045.txt,/Users/aj5/Main drive/UT Austin MSIS/Deep Learning/Project /sec_filings/raw_downloads/sec-edgar-filings/PFE/10-Q/0000078003-18-000045/full-submission.txt
pfe_10q_20180809_000007800318000070,PFE,2018-08-09,10-Q,pfe_10q_20180809_000007800318000070.txt,/Users/aj5/Main drive/UT Austin MSIS/Deep Learning/Project /sec_filings/raw_downloads/sec-edgar-filings/PFE/10-Q/0000078003-18-000070/full-submission.txt
pfe_10q_20181108_000007800318000091,PFE,2018-11-08,10-Q,pfe_10q_20181108_000007800318000091.txt,/Users/aj5/Main drive/UT Austin MSIS/Deep Learning/Project /sec_filings/raw_downloads/sec-edgar-filings/PFE/10-Q/0000078003-18-000091/full-submission.txt
pfe_10k_20190228_000007800319000015,PFE,2019-02-28,10-K,pfe_10k_20190228_000007800319000015.txt,/Users/aj5/Main drive/UT Austin MSIS/Deep Learning/Project /sec_filings/raw_downloads/sec-edgar-filings/PFE/10-K/0000078003-19-000015/full-submission.txt
pfe_10q_20190509_000007800319000026,PFE,2019-05-09,10-Q,pfe_10q_20190509_000007800319000026.txt,/Users/aj5/Main drive/UT Austin MSIS/Deep Learning/Project /sec_filings/raw_downloads/sec-edgar-filings/PFE/10-Q/0000078003-19-000026/full-submission.txt
pfe_10q_20190808_000007800319000064,PFE,2019-08-08,10-Q,pfe_10q_20190808_000007800319000064.txt,/Users/aj5/Main drive/UT Austin MSIS/Deep Learning/Project /sec_filings/raw_downloads/sec-edgar-filings/PFE/10-Q/0000078003-19-000064/full-submission.txt
pfe_10q_20191107_000007800319000082,PFE,2019-11-07,10-Q,pfe_10q_20191107_000007800319000082.txt,/Users/aj5/Main drive/UT Austin MSIS/Deep Learning/Project /sec_filings/raw_downloads/sec-edgar-filings/PFE/10-Q/0000078003-19-000082/full-submission.txt
pfe_10k_20200227_000007800320000014,PFE,2020-02-27,10-K,pfe_10k_20200227_000007800320000014.txt,/Users/aj5/Main drive/UT Austin MSIS/Deep Learning/Project /sec_filings/raw_downloads/sec-edgar-filings/PFE/10-K/0000078003-20-000014/full-submission.txt
pfe_10q_20200507_000007800320000037,PFE,2020-05-07,10-Q,pfe_10q_20200507_000007800320000037.txt,/Users/aj5/Main drive/UT Austin MSIS/Deep Learning/Project /sec_filings/raw_downloads/sec-edgar-filings/PFE/10-Q/0000078003-20-000037/full-submission.txt
pfe_10q_20200806_000007800320000060,PFE,2020-08-06,10-Q,pfe_10q_20200806_000007800320000060.txt,/Users/aj5/Main drive/UT Austin MSIS/Deep Learning/Project /sec_filings/raw_downloads/sec-edgar-filings/PFE/10-Q/0000078003-20-000060/full-submission.txt
pfe_10q_20201105_000007800320000070,PFE,2020-11-05,10-Q,pfe_10q_20201105_000007800320000070.txt,/Users/aj5/Main drive/UT Austin MSIS/Deep Learning/Project /sec_filings/raw_downloads/sec-edgar-filings/PFE/10-Q/0000078003-20-000070/full-submission.txt
pfe_10k_20210225_000007800321000038,PFE,2021-02-25,10-K,pfe_10k_20210225_000007800321000038.txt,/Users/aj5/Main drive/UT Austin MSIS/Deep Learning/Project /sec_filings/raw_downloads/sec-edgar-filings/PFE/10-K/0000078003-21-000038/full-submission.txt
pfe_10q_20210513_000007800321000065,PFE,2021-05-13,10-Q,pfe_10q_20210513_000007800321000065.txt,/Users/aj5/Main drive/UT Austin MSIS/Deep Learning/Project /sec_filings/raw_downloads/sec-edgar-filings/PFE/10-Q/0000078003-21-000065/full-submission.txt
pfe_10q_20210812_000007800321000093,PFE,2021-08-12,10-Q,pfe_10q_20210812_000007800321000093.txt,/Users/aj5/Main drive/UT Austin MSIS/Deep Learning/Project /sec_filings/raw_downloads/sec-edgar-filings/PFE/10-Q/0000078003-21-000093/full-submission.txt
pfe_10q_20211112_000007800321000107,PFE,2021-11-12,10-Q,pfe_10q_20211112_000007800321000107.txt,/Users/aj5/Main drive/UT Austin MSIS/Deep Learning/Project /sec_filings/raw_downloads/sec-edgar-filings/PFE/10-Q/0000078003-21-000107/full-submission.txt
pfe_10k_20220224_000007800322000027,PFE,2022-02-24,10-K,pfe_10k_20220224_000007800322000027.txt,/Users/aj5/Main drive/UT Austin MSIS/Deep Learning/Project /sec_filings/raw_downloads/sec-edgar-filings/PFE/10-K/0000078003-22-000027/full-submission.txt
pfe_10q_20220511_000007800322000071,PFE,2022-05-11,10-Q,pfe_10q_20220511_000007800322000071.txt,/Users/aj5/Main drive/UT Austin MSIS/Deep Learning/Project /sec_filings/raw_downloads/sec-edgar-filings/PFE/10-Q/0000078003-22-000071/full-submission.txt
pfe_10q_20220810_000007800322000094,PFE,2022-08-10,10-Q,pfe_10q_20220810_000007800322000094.txt,/Users/aj5/Main drive/UT Austin MSIS/Deep Learning/Project /sec_filings/raw_downloads/sec-edgar-filings/PFE/10-Q/0000078003-22-000094/full-submission.txt
pfe_10q_20221109_000007800322000101,PFE,2022-11-09,10-Q,pfe_10q_20221109_000007800322000101.txt,/Users/aj5/Main drive/UT Austin MSIS/Deep Learning/Project /sec_filings/raw_downloads/sec-edgar-filings/PFE/10-Q/0000078003-22-000101/full-submission.txt
pfe_10k_20230223_000007800323000024,PFE,2023-02-23,10-K,pfe_10k_20230223_000007800323000024.txt,/Users/aj5/Main drive/UT Austin MSIS/Deep Learning/Project /sec_filings/raw_downloads/sec-edgar-filings/PFE/10-K/0000078003-23-000024/full-submission.txt
pfe_10q_20230510_000162828023017196,PFE,2023-05-10,10-Q,pfe_10q_20230510_000162828023017196.txt,/Users/aj5/Main drive/UT Austin MSIS/Deep Learning/Project /sec_filings/raw_downloads/sec-edgar-filings/PFE/10-Q/0001628280-23-017196/full-submission.txt
pfe_10q_20230809_000007800323000088,PFE,2023-08-09,10-Q,pfe_10q_20230809_000007800323000088.txt,/Users/aj5/Main drive/UT Austin MSIS/Deep Learning/Project /sec_filings/raw_downloads/sec-edgar-filings/PFE/10-Q/0000078003-23-000088/full-submission.txt
pfe_10q_20231108_000007800323000115,PFE,2023-11-08,10-Q,pfe_10q_20231108_000007800323000115.txt,/Users/aj5/Main drive/UT Austin MSIS/Deep Learning/Project /sec_filings/raw_downloads/sec-edgar-filings/PFE/10-Q/0000078003-23-000115/full-submission.txt
